id,first_name,last_name,birthdate,email,phone_number
1,Jack,Williams,2011-05-28,maylauren@hotmail.com,007.414.9399x77970
2,Rachel,Atkinson,2017-04-27,rebeccawilson@dawson.org,+02(5)1042433667
3,Destiny,Mccoy,1997-11-12,wzavala@young.biz,+89(0)1830957202
4,Sean,Pierce,2017-11-03,belinda88@gmail.com,812.650.7248x275
5,Joshua,Drake,1980-01-17,jennifer86@yahoo.com,240-568-8888x96866
6,Todd,Ray,1979-02-22,tbrown@williams.com,035-753-4948
7,Larry,Reed,2005-09-10,fsmith@hotmail.com,(383)329-0786
8,Garrett,Lozano,1997-12-07,kennedyamanda@donovan.com,867-957-3004x27069
9,Brandon,Conner,1989-10-27,strongjackie@watson.com,(105)684-7624x255
10,Patricia,Anderson,1981-03-21,barbara38@hotmail.com,1-830-245-0821x6368
11,Kathleen,Collins,1978-07-19,odavis@yahoo.com,736.347.0894x5306
12,Diamond,Richardson,1998-12-26,derek52@smith.com,112.994.6506x35448
13,Lisa,Parker,1996-07-30,langcharles@gmail.com,126-427-7132
14,Alicia,Marsh,1985-11-23,baxterpaul@evans.com,1-445-635-4010x100
15,Kirsten,Brown,2000-09-20,loriwatson@roberts.com,1-729-712-4986
16,Heather,Levy,2002-01-24,summersdaniel@scott.info,1-692-873-1457x0027
17,Taylor,Wilson,1999-08-02,frykristine@carroll.com,682-094-5282
18,Alexander,Haynes,2017-05-07,brian73@harris.net,1-924-790-6020x8920
19,Cristian,Martinez,1993-08-15,thomas59@clay.com,1-187-700-0803x46547
20,Brenda,Crawford,1977-02-14,adiaz@williams.info,146.439.8894
21,Linda,Howard,2011-11-01,tracymontoya@gmail.com,812.170.9415
22,Gabriella,Flores,1977-08-02,franklinchristine@yahoo.com,1-774-509-1226x790
23,Brooke,Lawrence,2002-10-13,stevenfrench@choi-smith.biz,1-175-986-7844
24,Phillip,Robinson,2008-05-04,sandrabennett@frost.org,332.428.3225
25,Jennifer,Cardenas,2006-08-09,andrewball@hotmail.com,03789923883
26,Patricia,Johnson,2001-02-20,julieedwards@gonzalez.net,1-701-001-8461x9808
27,Brandon,Howard,1988-03-12,jonathan72@norman-thomas.com,09330442009
28,Ian,Haney,1996-09-01,melindamedina@hart-martinez.com,108.706.7822
29,Michael,Joseph,1992-01-25,beth48@compton.com,(699)201-5537x52590
30,Gregory,Lyons,1985-11-02,jameswall@hotmail.com,(058)301-2323
31,Chris,Vang,2014-10-30,dylanmay@hotmail.com,226-434-1895
32,Laura,Scott,2000-05-09,vickie07@yahoo.com,(116)554-1834x056
33,Darrell,Martin,1991-11-27,danielle52@payne.com,307-351-4071x10051
34,Matthew,Thompson,1996-05-11,mathewtravis@wilson-fuller.info,(887)977-2907x61476
35,Austin,Johnson,1997-03-06,sara32@hotmail.com,1-235-489-3367x0428
36,Jessica,Lawson,1977-06-19,donald40@hotmail.com,135.067.5102x29655
37,Rhonda,Lewis,1971-12-09,lauracummings@smith.com,(390)745-7137x63602
38,Nancy,Burke,2013-02-25,robert25@gmail.com,(396)123-9423
39,Heather,Davis,2013-12-07,dmiller@wilkins.com,1-776-282-3000x8315
40,Samantha,Lang,1975-01-09,tprice@gmail.com,647.976.1466x08324
41,Edward,Sheppard,1982-04-07,fjensen@yahoo.com,(449)457-6219
42,Kayla,Gray,2008-04-04,tabitha73@hotmail.com,023-681-6750x25437
43,Brian,Blanchard,1999-05-01,gibbssamantha@cross.com,151.854.8617x1954
44,Linda,Freeman,1981-04-14,dmartinez@hotmail.com,1-166-155-7145
45,Mary,Taylor,1994-07-11,kimberly87@barry-thompson.com,1-213-296-6404x40326
46,Jorge,Harper,1975-09-03,kennethpeck@prince-coleman.com,928.455.8213x7939
47,Chloe,Potts,1995-12-18,rhodeskelli@yahoo.com,04098465377
48,Thomas,Greer,1991-08-08,amy71@brown.com,(601)409-8757
49,Justin,Briggs,1982-12-13,bullockrobert@webb.info,(431)265-0391x662
50,Shelley,Woods,2010-10-05,andrea15@gmail.com,016.360.9289x5291
51,Hector,Conner,2001-04-14,ethan42@gmail.com,422.662.6063x4946
52,Jason,Ho,2009-10-03,ewebb@gmail.com,1-221-461-1758x393
53,Nancy,Martinez,1995-05-07,paulstacey@gill-mills.com,09944612387
54,Stacy,Vasquez,1997-02-25,aaronramos@hotmail.com,398-625-8592x6586
55,David,Campbell,2008-05-24,nicolemurphy@knight.com,494.281.9018x45189
56,Michael,Miller,1997-01-24,bradleyharrison@yahoo.com,+45(3)5550783107
57,Gail,Salazar,1979-08-18,timothypruitt@jones.com,874-039-9730x57552
58,Christian,Murphy,1995-03-28,alvaradocaitlin@rollins-crawford.com,(461)429-7055
59,Mary,Williams,2013-08-05,jeffreymartinez@yahoo.com,1-629-565-4449x324
60,Anne,Martin,1989-07-19,amandadyer@yahoo.com,475-477-4804
61,Jose,Mullen,1981-08-19,nicole27@hotmail.com,09705660173
62,Marie,Sims,1971-11-05,dkirk@gmail.com,1-924-972-2976x83970
63,Amanda,Franklin,1988-08-05,bakerashley@ross-petersen.biz,(901)536-6787x137
64,Olivia,Roberts,2017-09-20,kmorales@lewis.com,1-180-653-9339x71782
65,Natasha,Martinez,1980-09-17,francobrian@hotmail.com,03096956901
66,Anthony,Sims,1979-10-11,glopez@gray-rosario.net,185-586-6467
67,Bobby,Stewart,2004-10-27,kyle82@yahoo.com,896-571-7038x72808
68,Patrick,Moran,1995-09-18,hesterjennifer@hotmail.com,869-473-7722
69,John,Romero,1992-08-19,hernandezellen@hotmail.com,+68(0)2865345683
70,Robert,Blevins,1993-11-18,alexandermichael@fleming.info,642-618-8965
71,Andrew,Nguyen,1999-05-03,arnoldashley@brown.com,+39(4)9683723651
72,Kenneth,West,1997-09-18,michaelmichele@baxter.biz,317.353.0977
73,Hailey,Frye,2005-04-07,patkins@lee-robinson.org,1-232-998-8694
74,Barbara,Jimenez,2009-11-30,susanthompson@black.com,08029582815
75,Todd,Hart,1974-06-22,ghull@williams.com,618-265-7906x2141
76,Robert,Diaz,1998-10-13,xharper@gmail.com,03809418974
77,Joshua,Davis,1980-12-09,chenaaron@gmail.com,756.134.3350x6761
78,Jennifer,Garcia,1977-10-17,crawfordandrew@yahoo.com,1-759-988-2434x535
79,Sally,Davis,2010-03-31,sarah29@yahoo.com,004-659-0705
80,Patrick,Macdonald,1971-01-19,michaelsmith@rodriguez-torres.com,+33(0)9371186225
81,Donald,Sullivan,2014-04-02,kelly15@ray.com,(192)154-7578
82,Anthony,Armstrong,1985-11-05,dean82@cross.com,1-415-415-3483x9252
83,Sandra,Wallace,1993-10-19,johnny80@yahoo.com,663-609-7727
84,Christopher,Turner,2004-02-09,xbarton@holmes.com,02496382138
85,Alex,Soto,1988-12-11,bethbrowning@welch.net,721-335-3345x7783
86,Tiffany,Lawson,1978-12-09,johnclayton@gmail.com,(149)445-3862x8236
87,Keith,Parker,1997-05-14,evansdavid@gmail.com,1-194-152-1153x99650
88,Melissa,Gilmore,1986-07-19,kelly29@washington-melton.com,123.367.4754
89,Patricia,Vega,2006-12-25,alyssa13@yahoo.com,1-023-955-9492
90,Leslie,Peterson,2001-10-21,ashleygarcia@hotmail.com,117-133-7088x306
91,Ashley,Edwards,1974-07-09,nhuang@gmail.com,027.045.5172
92,Frank,Rogers,1993-09-12,cjohnson@gmail.com,407-021-3093x1113
93,Heidi,Hall,2005-06-07,mercadomichael@young.org,(643)317-3316x393
94,Karen,Ray,1992-08-29,lvelasquez@hotmail.com,626.158.2479x6661
95,Crystal,Sanchez,2000-01-09,brose@gmail.com,(270)378-5426x5321
96,Travis,Brewer,1988-12-01,brian79@garcia-kennedy.net,1-125-659-4283x9115
97,Geoffrey,Williams,1973-12-31,steverojas@gmail.com,389.889.1091
98,Tasha,Brooks,2010-02-09,lindsey97@gmail.com,986-271-9370
99,Chase,Davis,2001-12-21,ryan86@thompson-gonzalez.com,1-079-487-2818x92452
100,Monica,Archer,1999-07-01,joel23@gmail.com,+84(2)7654872469
